﻿PeptideModifiedSequence,PeptideSource,Tr_recalibrated,PrecursorCharge,PrecursorMz,FragmentCharge,FragmentMz,LibraryIntensity,FragmentNeutralLoss,IonMobility
YLGLKPGSIDAISQVINIAK,1/tr|C8ZBZ3|C8ZBZ3_YEAS8,98.1,3,700.7402901,1,872.5199933,3878.9,NaN,0.95
YLGLKPGSIDAISQVINIAK,1/tr|C8ZBZ3|C8ZBZ3_YEAS8,98.1,3,700.7402901,1,558.3609734,2599.8,NaN,0.95
YLGLKPGSIDAISQVINIAK,1/tr|C8ZBZ3|C8ZBZ3_YEAS8,98.1,3,700.7402901,1,1115.609537,2489,NaN,0.95
YLGLKPGSIDAISQVINIAK,1/tr|C8ZBZ3|C8ZBZ3_YEAS8,98.1,3,700.7402901,1,657.4293873,1918.7,NaN,0.95
YLGLKPGSIDAISQVINIAK,1/tr|C8ZBZ3|C8ZBZ3_YEAS8,98.1,3,700.7402901,1,445.2769094,1643.5,NaN,0.95
YLGLKPGSIDAISQVINIAK,1/tr|C8ZBZ3|C8ZBZ3_YEAS8,98.1,3,700.7402901,1,1044.572423,1414.8,NaN,0.95
ALDTVTNVLNFIK,1/tr|C8ZBZ3|C8ZBZ3_YEAS8,99.4,3,483.2766865,1,634.3922735,3026,NaN,0.83
ALDTVTNVLNFIK,1/tr|C8ZBZ3|C8ZBZ3_YEAS8,99.4,3,483.2766865,1,521.3082096,1513,NaN,0.83
ALDTVTNVLNFIK,1/tr|C8ZBZ3|C8ZBZ3_YEAS8,99.4,3,483.2766865,1,733.4606875,858.1,NaN,0.83
ALDTVTNVLNFIK,1/tr|C8ZBZ3|C8ZBZ3_YEAS8,99.4,3,483.2766865,1,847.5036149,722.6,NaN,0.83
ALDTVTNVLNFIK,1/tr|C8ZBZ3|C8ZBZ3_YEAS8,99.4,3,483.2766865,1,948.5512934,722.6,NaN,0.83
ALDTVTNVLNFIK,1/tr|C8ZBZ3|C8ZBZ3_YEAS8,99.4,3,483.2766865,1,401.2030758,632.3,NaN,0.83
ALDTVTNVLNFIK,1/tr|C8ZBZ3|C8ZBZ3_YEAS8,102.6,2,724.4113915,1,948.5512934,6711.3,NaN,0.97
ALDTVTNVLNFIK,1/tr|C8ZBZ3|C8ZBZ3_YEAS8,102.6,2,724.4113915,1,634.3922735,2771.3,NaN,0.97
ALDTVTNVLNFIK,1/tr|C8ZBZ3|C8ZBZ3_YEAS8,102.6,2,724.4113915,1,1263.694329,2698.5,NaN,0.97
ALDTVTNVLNFIK,1/tr|C8ZBZ3|C8ZBZ3_YEAS8,102.6,2,724.4113915,1,521.3082096,2366.1,NaN,0.97
ALDTVTNVLNFIK,1/tr|C8ZBZ3|C8ZBZ3_YEAS8,102.6,2,724.4113915,1,401.2030758,1966.8,NaN,0.97
ALDTVTNVLNFIK,1/tr|C8ZBZ3|C8ZBZ3_YEAS8,102.6,2,724.4113915,1,847.5036149,1802.7,NaN,0.97
PATAAAAAAGSR,1/sp|Q7Z478|DHX29_HUMAN,-26,2,507.7699799,1,674.3580133,5598.3,NaN,0.85
PATAAAAAAGSR,1/sp|Q7Z478|DHX29_HUMAN,-26,2,507.7699799,1,846.4428056,4302,NaN,0.85
PATAAAAAAGSR,1/sp|Q7Z478|DHX29_HUMAN,-26,2,507.7699799,1,603.3208995,4045.6,NaN,0.85
PATAAAAAAGSR,1/sp|Q7Z478|DHX29_HUMAN,-26,2,507.7699799,1,917.4799194,3760.7,NaN,0.85
PATAAAAAAGSR,1/sp|Q7Z478|DHX29_HUMAN,-26,2,507.7699799,1,745.3951271,3418.8,NaN,0.85
PATAAAAAAGSR,1/sp|Q7Z478|DHX29_HUMAN,-26,2,507.7699799,1,532.2837857,2735,NaN,0.85
AGVLAEVR,1/sp|P68679|RS21_ECOLI,5.9,2,407.7427025,1,587.351137,10000,NaN,0.75
AGVLAEVR,1/sp|P68679|RS21_ECOLI,5.9,2,407.7427025,1,474.267073,8341.7,NaN,0.75
AGVLAEVR,1/sp|P68679|RS21_ECOLI,5.9,2,407.7427025,1,403.2299592,1503.2,NaN,0.75
AGVLAEVR,1/sp|P68679|RS21_ECOLI,5.9,2,407.7427025,1,743.4410147,1366.2,NaN,0.75
AGVLAEVR,1/sp|P68679|RS21_ECOLI,5.9,2,407.7427025,1,686.4195509,790.8,NaN,0.75
AGVLAEVR,1/sp|P68679|RS21_ECOLI,5.9,2,407.7427025,1,541.2980388,53.5,NaN,0.75
VRENEPFDVALR,1/sp|P68679|RS21_ECOLI,32.1,3,482.2562854,1,628.3049151,5614.9,NaN,0.83
VRENEPFDVALR,1/sp|P68679|RS21_ECOLI,32.1,3,482.2562854,1,573.3354869,4679.6,NaN,0.83
VRENEPFDVALR,1/sp|P68679|RS21_ECOLI,32.1,3,482.2562854,1,458.3085439,2981.1,NaN,0.83
VRENEPFDVALR,1/sp|P68679|RS21_ECOLI,32.1,3,482.2562854,1,499.262322,2695.6,NaN,0.83
VRENEPFDVALR,1/sp|P68679|RS21_ECOLI,32.1,3,482.2562854,1,359.24013,1905.8,NaN,0.83
VRENEPFDVALR,1/sp|P68679|RS21_ECOLI,32.1,3,482.2562854,1,720.4039009,1843.4,NaN,0.83
VRENEPFDVALR,1/sp|P68679|RS21_ECOLI,32.3,2,722.8807899,1,987.4530359,3288.3,NaN,0.97
VRENEPFDVALR,1/sp|P68679|RS21_ECOLI,32.3,2,722.8807899,1,458.3085439,2370.4,NaN,0.97
VRENEPFDVALR,1/sp|P68679|RS21_ECOLI,32.3,2,722.8807899,1,817.4566647,1585,NaN,0.97
VRENEPFDVALR,1/sp|P68679|RS21_ECOLI,32.3,2,722.8807899,1,628.3049151,1425,NaN,0.97
VRENEPFDVALR,1/sp|P68679|RS21_ECOLI,32.3,2,722.8807899,1,1189.584778,538.3,NaN,0.97
VRENEPFDVALR,1/sp|P68679|RS21_ECOLI,32.3,2,722.8807899,1,1157.558564,379.5,NaN,0.97
ENEPFDVALRR,1/sp|P68679|RS21_ECOLI,28.7,3,449.2334808,2,487.2825261,10000,NaN,0.8
ENEPFDVALRR,1/sp|P68679|RS21_ECOLI,28.7,3,449.2334808,2,438.7561442,4663.1,NaN,0.8
ENEPFDVALRR,1/sp|P68679|RS21_ECOLI,28.7,3,449.2334808,2,365.2219372,1588.5,NaN,0.8
ENEPFDVALRR,1/sp|P68679|RS21_ECOLI,28.7,3,449.2334808,2,551.8038227,1544.2,NaN,0.8
ENEPFDVALRR,1/sp|P68679|RS21_ECOLI,28.7,3,449.2334808,1,515.341241,581,NaN,0.8
ENEPFDVALRR,1/sp|P68679|RS21_ECOLI,28.7,3,449.2334808,1,614.409655,577.5,NaN,0.8
